,nodeNum,nodeIndex,blocksize,TotalHeights,Throughput,Overhead,Latency
0,4.0,1.0,200.0,287.0,210.44207186260564,0.8237059822263907,1.0454183331916376
1,4.0,2.0,200.0,284.0,209.64820014312886,0.7739016096726594,1.0493770032359155
2,4.0,3.0,200.0,286.0,210.5394920119413,0.8322981197498387,1.044934600618881
3,4.0,4.0,200.0,287.0,210.74482582589636,0.8403064951613597,1.043916495400697
4,4.0,1.0,400.0,288.0,404.46976843022077,0.8022392146123697,1.0383965200416667
5,4.0,2.0,400.0,289.0,404.75781613702486,0.7840369092195885,1.0376575405224913
6,4.0,3.0,400.0,289.0,405.00721251188463,0.8121008757587427,1.0370185691141869
7,4.0,4.0,400.0,288.0,406.4324375328104,0.7954188286558749,1.0333820857152778
8,4.0,1.0,600.0,289.0,597.5921105573073,0.7718935786514102,1.0374969633079585
9,4.0,2.0,600.0,290.0,600.8672068015042,0.785876071733302,1.0318419660482758
10,4.0,3.0,600.0,291.0,602.3616301328603,0.757618339455391,1.0292820275807562
11,4.0,4.0,600.0,290.0,601.1477981394214,0.7754936193199501,1.0313603441931034
12,4.0,1.0,800.0,291.0,796.7693698207521,0.7626276226050585,1.029156028154639
13,4.0,2.0,800.0,291.0,796.634176097035,0.7206028305020419,1.0293306822680413
14,4.0,3.0,800.0,290.0,796.0432059208547,0.747971651519067,1.030094841462069
15,4.0,4.0,800.0,292.0,799.3559463855015,0.6779755257090359,1.0258258585650686
16,4.0,1.0,1000.0,22.0,166.2050988618873,0.9402736718522331,6.136995838181818
17,4.0,2.0,1000.0,54.0,269.5073064045745,0.2195584104497404,3.7846840355
18,4.0,3.0,1000.0,53.0,265.65659381869415,0.188206994735326,3.839543319207547
19,4.0,4.0,1000.0,55.0,274.9166970873263,0.2206867866810519,3.710214806181818
20,4.0,1.0,1200.0,231.0,943.6110151485899,0.7676019957920012,1.2929056363419915
21,4.0,2.0,1200.0,231.0,943.7346667162102,0.787756767101038,1.292736235116883
22,4.0,3.0,1200.0,231.0,947.0744978453766,0.6899897292046483,1.2881774377575756
23,4.0,4.0,1200.0,231.0,941.3631257446164,0.7180778348290915,1.2959929772424243
24,4.0,1.0,1400.0,205.0,971.9770040919691,0.7828176406266044,1.4609399132097562
25,4.0,2.0,1400.0,203.0,965.3301000329822,0.7125051119309371,1.4709994021231527
26,4.0,3.0,1400.0,203.0,966.0525543858479,0.7649417560370831,1.4698993274778325
27,4.0,4.0,1400.0,202.0,965.656556697505,0.744249941470327,1.4705021056930692
28,4.0,1.0,1600.0,187.0,1011.2188572299934,0.7982885461906603,1.6020270868342248
29,4.0,2.0,1600.0,186.0,1006.8854747234251,0.7454713318519449,1.608921809548387
30,4.0,3.0,1600.0,186.0,1011.0216778754508,0.7689904068220392,1.6023395298548386
31,4.0,4.0,1600.0,186.0,1007.9967138016123,0.7289311270387178,1.6071480966344087
32,4.0,1.0,1800.0,168.0,1028.2097843662696,0.7732832163669072,1.7700667973333333
33,4.0,2.0,1800.0,169.0,1029.4065964537401,0.7882516861049456,1.7680088764437871
34,4.0,3.0,1800.0,168.0,1026.3743936532017,0.7643389151739652,1.773232079107143
35,4.0,4.0,1800.0,168.0,1026.256316611136,0.7726268954154821,1.7734361002619048
36,4.0,1.0,2000.0,155.0,1046.6558642707114,0.7633931556446194,1.929956224348387
37,4.0,2.0,2000.0,155.0,1046.2957820857393,0.8078476860481616,1.9306204178451611
38,4.0,3.0,2000.0,155.0,1048.3004714174438,0.763998736568491,1.9269284475935482
39,4.0,4.0,2000.0,154.0,1047.5638472556718,0.781688521341968,1.928283421857143
40,8.0,1.0,200.0,299.0,219.0419102815088,0.8136461885428673,1.004374001839465
41,8.0,2.0,200.0,297.0,218.74171770110127,0.8122182077895359,1.0057523654478115
42,8.0,3.0,200.0,298.0,218.89275138516214,0.8536284540299319,1.0050584069496644
43,8.0,4.0,200.0,299.0,218.93912105331904,0.817274780284896,1.00484554309699
44,8.0,5.0,200.0,297.0,218.32549200194234,0.80499420661131,1.0076697777373738
45,8.0,6.0,200.0,298.0,219.19906393856567,0.824717586078559,1.0036539209932887
46,8.0,7.0,200.0,299.0,219.27174490599185,0.8054338678587097,1.0033212445785953
47,8.0,8.0,200.0,299.0,219.32889797127214,0.8215078484799908,1.003059797568562
48,8.0,1.0,400.0,301.0,420.8466773426155,0.789783096247942,0.9979881572358804
49,8.0,2.0,400.0,302.0,422.62473967865895,0.7974778213332798,0.993789432013245
50,8.0,3.0,400.0,302.0,422.6898795532374,0.7942943901447485,0.9936362811523178
51,8.0,4.0,400.0,302.0,422.82260734245676,0.7722760522095903,0.993324369857616
52,8.0,5.0,400.0,301.0,421.1501956823461,0.7921562679052071,0.9972689180863787
53,8.0,6.0,400.0,301.0,423.4074012500858,0.776801455537143,0.9919524287009966
54,8.0,7.0,400.0,302.0,423.52996630494283,0.8074079677400955,0.9916653682483444
55,8.0,8.0,400.0,302.0,423.71542673912177,0.7884966251066527,0.9912313158675496
56,8.0,1.0,600.0,276.0,570.974509443083,0.8005516419465246,1.0858628358115943
57,8.0,2.0,600.0,276.0,570.8738188720713,0.7766326125516217,1.0860543600072465
58,8.0,3.0,600.0,275.0,567.8744527468547,0.7714323954841927,1.0917906185090909
59,8.0,4.0,600.0,275.0,573.1305412977472,0.7788173441501134,1.0817779813236363
60,8.0,5.0,600.0,277.0,572.6728637180241,0.7388941578073718,1.0826425334259928
61,8.0,6.0,600.0,276.0,572.3934302868687,0.7733027693683564,1.0831710624094202
62,8.0,7.0,600.0,276.0,573.4008521186624,0.7708542242736642,1.081268012960145
63,8.0,8.0,600.0,276.0,573.5090241656382,0.7874335057584526,1.081064070268116
64,8.0,1.0,800.0,204.0,556.9384160171669,0.7968065795007497,1.4723351387107841
65,8.0,2.0,800.0,205.0,559.6561483919945,0.7912500328439213,1.4651853684731708
66,8.0,3.0,800.0,205.0,560.1511560151692,0.7805309144457037,1.463890578809756
67,8.0,4.0,800.0,203.0,560.2693295168596,0.7740526686215202,1.4635818111034484
68,8.0,5.0,800.0,204.0,559.1763152442476,0.7655047932682393,1.466442654392157
69,8.0,6.0,800.0,205.0,561.0650265400769,0.7738292855665602,1.4615061734585366
70,8.0,7.0,800.0,204.0,558.607102309974,0.8037309087082835,1.4679369392352941
71,8.0,8.0,800.0,204.0,559.0662726752422,0.7624249338740793,1.466731298377451
72,8.0,1.0,1000.0,174.0,592.7434069319839,0.8436863184861667,1.7208120547126435
73,8.0,2.0,1000.0,174.0,593.0789142527001,0.8298197766822841,1.7198385838505748
74,8.0,3.0,1000.0,174.0,593.1647875286421,0.8098686042090013,1.7195896004712643
75,8.0,4.0,1000.0,175.0,596.5607958543814,0.8163270953838836,1.7098005887885714
76,8.0,5.0,1000.0,175.0,595.5171587708279,0.8220068582109314,1.7127969949771429
77,8.0,6.0,1000.0,174.0,593.8466912257678,0.8223444004108975,1.7176150260172416
78,8.0,7.0,1000.0,174.0,596.9589621215763,0.826130926980382,1.7086601671494253
79,8.0,8.0,1000.0,175.0,596.7390860075903,0.8075086933318624,1.7092897447428572
80,8.0,1.0,1200.0,154.0,627.8268965588229,0.8681840857485713,1.943210790564935
81,8.0,2.0,1200.0,154.0,627.517387355559,0.8307802243854479,1.9441692367142855
82,8.0,3.0,1200.0,155.0,636.3658084317902,0.8334152876501285,1.9171363134774193
83,8.0,4.0,1200.0,154.0,629.5699316202183,0.8171172427243075,1.9378307932532468
84,8.0,5.0,1200.0,154.0,629.8658234752577,0.842627317708816,1.9369204591363638
85,8.0,6.0,1200.0,154.0,630.1370224165255,0.8359528402220037,1.9360868455584417
86,8.0,7.0,1200.0,155.0,634.7214889327358,0.8506689472334135,1.9221028770451611
87,8.0,8.0,1200.0,154.0,631.0769333793282,0.8612129321224884,1.933203283896104
88,8.0,1.0,1400.0,134.0,636.3829781730044,0.8445962932104895,2.2313607508432836
89,8.0,2.0,1400.0,134.0,636.9647789391429,0.8604808997871148,2.2293226359626868
90,8.0,3.0,1400.0,134.0,637.8445616082863,0.8457422316321594,2.2262477184402987
91,8.0,4.0,1400.0,134.0,637.6978702318485,0.8553924201434819,2.2267598282611942
92,8.0,5.0,1400.0,134.0,637.2458386197059,0.8657838346527553,2.2283393848059703
93,8.0,6.0,1400.0,134.0,637.8953214918456,0.8714198893225845,2.226070567
94,8.0,7.0,1400.0,135.0,646.6073076903034,0.8448153575296105,2.196077871548148
95,8.0,8.0,1400.0,134.0,639.4768367799393,0.8398744926695632,2.220565184425373
96,8.0,1.0,1600.0,119.0,643.7572575428126,0.8754210012050961,2.5164764839831935
97,8.0,2.0,1600.0,119.0,644.2224448529661,0.8655611707685431,2.514659358647059
98,8.0,3.0,1600.0,119.0,644.1964459746822,0.8569258533980686,2.5147608468235294
99,8.0,4.0,1600.0,119.0,644.5901562160209,0.8610514730452382,2.5132248520672267
100,8.0,5.0,1600.0,119.0,644.633505204307,0.8484131011152752,2.5130558478907563
101,8.0,6.0,1600.0,119.0,645.0479585702406,0.8671070700378639,2.5114411703445376
102,8.0,7.0,1600.0,119.0,645.4055594048691,0.8705856553959628,2.5100496523361344
103,8.0,8.0,1600.0,119.0,649.4909622749816,0.851253437557073,2.4942610353277312
104,8.0,1.0,1800.0,106.0,645.4929271513959,0.8857521105406929,2.81955064640566
105,8.0,2.0,1800.0,106.0,647.1630693109598,0.8741287602410741,2.8122741953396226
106,8.0,3.0,1800.0,106.0,651.1478010278204,0.8506887747513598,2.7950643419622643
107,8.0,4.0,1800.0,107.0,651.4100114863305,0.8786866535806025,2.7939392516355137
108,8.0,5.0,1800.0,106.0,648.3056696392911,0.8573149141421348,2.807317728707547
109,8.0,6.0,1800.0,106.0,647.6162334281315,0.8511356400303667,2.810306329669811
110,8.0,7.0,1800.0,106.0,649.6177193971929,0.8636641225958573,2.801647716273585
111,8.0,8.0,1800.0,106.0,650.0752266154225,0.8519363524159098,2.7996759843867927
112,8.0,1.0,2000.0,95.0,649.7771551986486,0.8802090854180117,3.1087581085894738
113,8.0,2.0,2000.0,96.0,649.7027025078609,0.8838076646245638,3.1091143567708337
114,8.0,3.0,2000.0,96.0,649.4905510665836,0.8694167934448538,3.1101299267291664
115,8.0,4.0,2000.0,96.0,650.3745760093827,0.85989914756077,3.10590246684375
116,8.0,5.0,2000.0,96.0,650.4674625389057,0.872262265863435,3.1054589450416663
117,8.0,6.0,2000.0,96.0,650.4515620336332,0.8707131107919382,3.1055348590208336
118,8.0,7.0,2000.0,96.0,650.4391961370628,0.8671308658448013,3.1055939002395836
119,8.0,8.0,2000.0,96.0,651.3300417527678,0.8693432598086898,3.1013462768645836
120,16.0,1.0,400.0,239.0,332.1701002355506,0.7848344740259967,1.264412419125523
121,16.0,2.0,400.0,240.0,333.90936479312006,0.8683195989786298,1.2578263573416666
122,16.0,3.0,400.0,239.0,332.49343244758944,0.7876825671293598,1.263182845171548
123,16.0,4.0,400.0,240.0,333.9702906005297,0.7929526011107133,1.2575968935583335
124,16.0,5.0,400.0,240.0,334.19478772391153,0.7845586573875427,1.2567520961666667
125,16.0,6.0,400.0,240.0,334.71329115182607,0.79207634520081,1.2548052649916666
126,16.0,7.0,400.0,240.0,334.83288638450335,0.7685330682070468,1.2543570750625
127,16.0,8.0,400.0,240.0,334.58004985002043,0.7851111835675587,1.255304971675
128,16.0,9.0,400.0,239.0,333.4924876318534,0.8018919002158574,1.2593986838577407
129,16.0,10.0,400.0,240.0,334.996777761841,0.7692041164057516,1.2537434025666665
130,16.0,11.0,400.0,239.0,333.9822943361122,0.7840067388189784,1.2575516939748954
131,16.0,12.0,400.0,239.0,334.28774165449096,0.7667986494673559,1.2564026366066945
132,16.0,13.0,400.0,240.0,335.795306395224,0.8012126124275152,1.2507619731458333
133,16.0,14.0,400.0,239.0,335.388255680148,0.8008984229224066,1.252279985619247
134,16.0,15.0,400.0,239.0,335.32145904429194,0.7942313711796647,1.252529442037657
135,16.0,16.0,400.0,237.0,335.86822510117065,0.7823313523130173,1.2504904263375527
136,16.0,1.0,600.0,167.0,342.506873666809,0.8367578953953556,1.8101826493652695
137,16.0,2.0,600.0,168.0,344.5518524445321,0.8959835428542442,1.7994388815535716
138,16.0,3.0,600.0,167.0,342.49138091990204,0.8350321936768799,1.8102645337664671
139,16.0,4.0,600.0,167.0,342.64678420127046,0.8244181507368384,1.8094435103053892
140,16.0,5.0,600.0,167.0,343.2382188669545,0.8366986877091332,1.806325653497006
141,16.0,6.0,600.0,167.0,343.02432523513636,0.8338221055680269,1.8074519921437124
142,16.0,7.0,600.0,166.0,340.9372497892669,0.8104445245561581,1.8185164583313254
143,16.0,8.0,600.0,166.0,343.97334679229596,0.8331030617215357,1.8024652368614458
144,16.0,9.0,600.0,167.0,343.660312490391,0.8427240645168708,1.8041070716227545
145,16.0,10.0,600.0,167.0,343.6085882863163,0.8213928424223724,1.8043786480778443
146,16.0,11.0,600.0,167.0,343.7363534453763,0.8496836051063836,1.8037079691616766
147,16.0,12.0,600.0,167.0,344.3526496953411,0.8486195504546631,1.8004798294670659
148,16.0,13.0,600.0,167.0,344.70778535722843,0.830331246255625,1.7986248826886226
149,16.0,14.0,600.0,167.0,345.30564606598654,0.8277914335410803,1.7955107513113773
150,16.0,15.0,600.0,167.0,346.3944179656143,0.8475207443447198,1.7898671798502994
151,16.0,16.0,600.0,166.0,344.421977114183,0.8536561340723834,1.8001174175783135
152,16.0,1.0,800.0,126.0,344.1688814091191,0.8594543022510049,2.3825512540317457
153,16.0,2.0,800.0,126.0,343.87201785955375,0.8940907621454129,2.384608102468254
154,16.0,3.0,800.0,126.0,344.2738913558538,0.8473326755932568,2.3818245315396824
155,16.0,4.0,800.0,126.0,344.4451670442359,0.8504039969047216,2.3806401670158728
156,16.0,5.0,800.0,126.0,344.8178965268624,0.8466100945141748,2.3780668238492066
157,16.0,6.0,800.0,126.0,344.6681179275094,0.8385058138754855,2.3791002339603176
158,16.0,7.0,800.0,126.0,345.15949686104557,0.8389082584361954,2.3757132788095237
159,16.0,8.0,800.0,126.0,345.2737002597947,0.8362180211680359,2.374927483277778
160,16.0,9.0,800.0,126.0,345.5415777132539,0.8561991365522651,2.3730863458650795
161,16.0,10.0,800.0,126.0,345.40950946328906,0.8502947303308692,2.3739937017777777
162,16.0,11.0,800.0,126.0,345.3995738806159,0.8364778252810232,2.3740619908333334
163,16.0,12.0,800.0,126.0,345.761730444861,0.848438924033168,2.3715753589761905
164,16.0,13.0,800.0,126.0,346.53994864857646,0.8407748235251389,2.366249557079365
165,16.0,14.0,800.0,126.0,347.14241549783077,0.8260514775016484,2.3621429228809525
166,16.0,15.0,800.0,126.0,346.39657359772303,0.8470385706947342,2.367228958079365
167,16.0,16.0,800.0,102.0,354.6061220469734,0.8597705273208119,2.3124248257941176
168,16.0,1.0,1000.0,103.0,349.4424712655099,0.8688857580397428,2.918935401029126
169,16.0,2.0,1000.0,103.0,349.0904609710548,0.9086442788297403,2.921878750747573
170,16.0,3.0,1000.0,103.0,349.38622600723187,0.8707550428024895,2.9194053001359226
171,16.0,4.0,1000.0,103.0,349.8938256865817,0.8808842494592818,2.915170046223301
172,16.0,5.0,1000.0,103.0,349.76180110702745,0.8704921023630737,2.9162704353980584
173,16.0,6.0,1000.0,103.0,350.09148548911753,0.8718801389818273,2.913524156621359
174,16.0,7.0,1000.0,103.0,350.2289536272269,0.8790035683926978,2.9123805711553397
175,16.0,8.0,1000.0,103.0,351.7325566668527,0.8730857876185367,2.8999305883592235
176,16.0,9.0,1000.0,103.0,350.9992704984912,0.865995146804877,2.9059889456504857
177,16.0,10.0,1000.0,103.0,351.01254749968786,0.8769278893911999,2.9058790270194175
178,16.0,11.0,1000.0,103.0,350.98444340787904,0.8803374615728551,2.9061117071067963
179,16.0,12.0,1000.0,103.0,351.8971697890821,0.8759250635310275,2.8985740368737862
180,16.0,13.0,1000.0,103.0,352.1066802069746,0.8823347497932802,2.8968493281650485
181,16.0,14.0,1000.0,103.0,352.1936858084172,0.8922204601836725,2.896133693194175
182,16.0,15.0,1000.0,103.0,353.3884715633932,0.8724184219927797,2.8863420345533983
183,16.0,16.0,1000.0,103.0,353.7651806001202,0.8965355253358114,2.8832684954174757
184,16.0,1.0,1200.0,28.0,134.7801739280578,0.214332803708423,9.051776418178571
185,16.0,2.0,1200.0,28.0,134.9233003772415,0.21850247256311603,9.042174306357143
186,16.0,3.0,1200.0,28.0,134.88285462173798,0.23527704157544868,9.044885678178572
187,16.0,4.0,1200.0,28.0,134.99210035268385,0.21242146895641364,9.037565878392856
188,16.0,5.0,1200.0,28.0,135.00520219968084,0.23097733135547038,9.036688809928572
189,16.0,6.0,1200.0,28.0,135.15565555059814,0.22263605712286277,9.026629296642856
190,16.0,7.0,1200.0,28.0,135.26661192477752,0.22272093319678835,9.01922494132143
191,16.0,8.0,1200.0,28.0,135.44762180100162,0.23354790709695586,9.007171803964285
192,16.0,9.0,1200.0,28.0,135.48107473794616,0.2346416957308057,9.004947756428571
193,16.0,10.0,1200.0,28.0,135.64180409750693,0.22793706936005284,8.9942773035
194,16.0,11.0,1200.0,27.0,138.63103546629097,0.182368771925451,8.800338220777778
195,16.0,1.0,1400.0,75.0,353.6327514435758,0.8908704627065133,4.0154651802
196,16.0,2.0,1400.0,75.0,353.57735220829164,0.95096687351641,4.01609433164
197,16.0,3.0,1400.0,75.0,354.39135803861296,0.8918209559469916,4.006869715613333
198,16.0,4.0,1400.0,75.0,354.0530342411947,0.891531219536302,4.010698575266667
199,16.0,5.0,1400.0,75.0,354.5500106928638,0.8922254455890645,4.0050767372
200,16.0,6.0,1400.0,75.0,354.6386793793933,0.9078982880406633,4.004075366186666
201,16.0,7.0,1400.0,75.0,355.36333181200655,0.889837398884069,3.9959103061066665
202,16.0,8.0,1400.0,75.0,355.59467371618337,0.8946465996731187,3.993310656653333
203,16.0,9.0,1400.0,75.0,355.17559277982093,0.8958735288214109,3.998022467946667
204,16.0,10.0,1400.0,75.0,355.69638094709006,0.8999729125830305,3.9921688160533333
205,16.0,11.0,1400.0,75.0,356.15593449875814,0.8874649052435545,3.9870176584266668
206,16.0,12.0,1400.0,75.0,354.99799016586206,0.9049809150307002,4.000022646146666
207,16.0,13.0,1400.0,75.0,356.8467708535705,0.9053091241334273,3.9792990044533334
208,16.0,14.0,1400.0,76.0,362.79713483732553,0.9097782078098307,3.914033115605263
209,16.0,15.0,1400.0,75.0,358.50985391259087,0.9029541798619171,3.9608395264533334
210,16.0,16.0,1400.0,75.0,358.8415641754891,0.9068280301106801,3.957178158173333
211,16.0,1.0,1600.0,67.0,359.10103309359937,0.8891543238382398,4.511265217044776
212,16.0,2.0,1600.0,67.0,359.58442456661163,0.924608385133313,4.505200696477612
213,16.0,3.0,1600.0,67.0,359.6258521589264,0.8794364025691612,4.504681713716418
214,16.0,4.0,1600.0,66.0,359.63283389838165,0.8832107991792852,4.504594261984848
215,16.0,5.0,1600.0,35.0,359.67418388357686,0.9175293282284844,4.504076390771428
216,16.0,6.0,1600.0,67.0,360.3082860351912,0.8787849614892345,4.496149721746268
217,16.0,7.0,1600.0,67.0,360.44165710651504,0.8964956908772088,4.494486050820895
218,16.0,8.0,1600.0,67.0,361.2690394522316,0.886781296819617,4.484192729208955
219,16.0,9.0,1600.0,67.0,361.10435882057243,0.8706145982720402,4.486237732746268
220,16.0,10.0,1600.0,67.0,361.9537432777461,0.9079239169123619,4.4757100322537315
221,16.0,11.0,1600.0,67.0,361.8116753516056,0.8894055280381677,4.477467451611941
222,16.0,12.0,1600.0,67.0,362.3440538500792,0.9017788315567035,4.470888876985075
223,16.0,13.0,1600.0,67.0,363.1871159491532,0.8943005621499167,4.460510653761194
224,16.0,14.0,1600.0,67.0,363.7985101418384,0.8959237861953132,4.453014388014925
225,16.0,15.0,1600.0,67.0,364.2477592498107,0.8933500074273668,4.447522212179105
226,16.0,16.0,1600.0,67.0,364.99902767697495,0.8771500377701699,4.438367987746268
227,16.0,1.0,1800.0,58.0,353.8791557526931,0.8921313316493266,5.142998592637931
228,16.0,2.0,1800.0,59.0,360.07293687520445,0.9641477506843987,5.05453149518644
229,16.0,3.0,1800.0,58.0,354.33117052159406,0.8929587997362911,5.13643774924138
230,16.0,4.0,1800.0,58.0,354.61603960006306,0.8978022977146457,5.132311561689655
231,16.0,5.0,1800.0,58.0,354.6955946142273,0.90475944438835,5.13116043062069
232,16.0,6.0,1800.0,58.0,354.83335992627906,0.9103045886249582,5.129168239362069
233,16.0,7.0,1800.0,58.0,355.50168740612014,0.8969269553738464,5.119525629482759
234,16.0,8.0,1800.0,58.0,355.7544058873574,0.9053781317186588,5.115888854448276
235,16.0,9.0,1800.0,58.0,355.89403995615044,0.9179388040795385,5.113881649224139
236,16.0,10.0,1800.0,58.0,356.48837773868604,0.9155476444577546,5.105355780586207
237,16.0,11.0,1800.0,58.0,355.9137063834574,0.9187271268946225,5.113599075724138
238,16.0,12.0,1800.0,59.0,358.55926288928947,0.927127289299244,5.075869426254237
239,16.0,13.0,1800.0,58.0,357.8391682079202,0.9206101290611667,5.0860838099827586
240,16.0,14.0,1800.0,58.0,358.98421587081344,0.9082247225493172,5.06986078924138
241,16.0,15.0,1800.0,58.0,358.94442437283266,0.924124908331035,5.070422818741379
242,16.0,16.0,1800.0,58.0,359.9667130900422,0.9086613503690024,5.056023053844828
243,0.0,0.0,0.0,0.0,0.0,0.0,0.0
244,0.0,0.0,0.0,0.0,0.0,0.0,0.0
245,0.0,0.0,0.0,0.0,0.0,0.0,0.0
246,0.0,0.0,0.0,0.0,0.0,0.0,0.0
247,0.0,0.0,0.0,0.0,0.0,0.0,0.0
248,0.0,0.0,0.0,0.0,0.0,0.0,0.0
249,0.0,0.0,0.0,0.0,0.0,0.0,0.0
250,0.0,0.0,0.0,0.0,0.0,0.0,0.0
251,0.0,0.0,0.0,0.0,0.0,0.0,0.0
252,0.0,0.0,0.0,0.0,0.0,0.0,0.0
253,0.0,0.0,0.0,0.0,0.0,0.0,0.0
254,0.0,0.0,0.0,0.0,0.0,0.0,0.0
255,0.0,0.0,0.0,0.0,0.0,0.0,0.0
256,0.0,0.0,0.0,0.0,0.0,0.0,0.0
257,0.0,0.0,0.0,0.0,0.0,0.0,0.0
258,0.0,0.0,0.0,0.0,0.0,0.0,0.0
259,0.0,0.0,0.0,0.0,0.0,0.0,0.0
260,0.0,0.0,0.0,0.0,0.0,0.0,0.0
261,0.0,0.0,0.0,0.0,0.0,0.0,0.0
262,0.0,0.0,0.0,0.0,0.0,0.0,0.0
263,0.0,0.0,0.0,0.0,0.0,0.0,0.0
264,0.0,0.0,0.0,0.0,0.0,0.0,0.0
265,0.0,0.0,0.0,0.0,0.0,0.0,0.0
266,0.0,0.0,0.0,0.0,0.0,0.0,0.0
267,0.0,0.0,0.0,0.0,0.0,0.0,0.0
268,0.0,0.0,0.0,0.0,0.0,0.0,0.0
269,0.0,0.0,0.0,0.0,0.0,0.0,0.0
270,0.0,0.0,0.0,0.0,0.0,0.0,0.0
271,0.0,0.0,0.0,0.0,0.0,0.0,0.0
272,0.0,0.0,0.0,0.0,0.0,0.0,0.0
273,0.0,0.0,0.0,0.0,0.0,0.0,0.0
274,0.0,0.0,0.0,0.0,0.0,0.0,0.0
275,0.0,0.0,0.0,0.0,0.0,0.0,0.0
276,0.0,0.0,0.0,0.0,0.0,0.0,0.0
277,0.0,0.0,0.0,0.0,0.0,0.0,0.0
278,0.0,0.0,0.0,0.0,0.0,0.0,0.0
279,0.0,0.0,0.0,0.0,0.0,0.0,0.0
280,0.0,0.0,0.0,0.0,0.0,0.0,0.0
281,0.0,0.0,0.0,0.0,0.0,0.0,0.0
282,0.0,0.0,0.0,0.0,0.0,0.0,0.0
283,0.0,0.0,0.0,0.0,0.0,0.0,0.0
284,0.0,0.0,0.0,0.0,0.0,0.0,0.0
285,0.0,0.0,0.0,0.0,0.0,0.0,0.0
286,0.0,0.0,0.0,0.0,0.0,0.0,0.0
287,0.0,0.0,0.0,0.0,0.0,0.0,0.0
288,0.0,0.0,0.0,0.0,0.0,0.0,0.0
289,0.0,0.0,0.0,0.0,0.0,0.0,0.0
290,0.0,0.0,0.0,0.0,0.0,0.0,0.0
291,0.0,0.0,0.0,0.0,0.0,0.0,0.0
292,0.0,0.0,0.0,0.0,0.0,0.0,0.0
293,0.0,0.0,0.0,0.0,0.0,0.0,0.0
294,0.0,0.0,0.0,0.0,0.0,0.0,0.0
295,0.0,0.0,0.0,0.0,0.0,0.0,0.0
296,0.0,0.0,0.0,0.0,0.0,0.0,0.0
297,0.0,0.0,0.0,0.0,0.0,0.0,0.0
298,0.0,0.0,0.0,0.0,0.0,0.0,0.0
299,0.0,0.0,0.0,0.0,0.0,0.0,0.0
300,0.0,0.0,0.0,0.0,0.0,0.0,0.0
301,0.0,0.0,0.0,0.0,0.0,0.0,0.0
302,0.0,0.0,0.0,0.0,0.0,0.0,0.0
303,0.0,0.0,0.0,0.0,0.0,0.0,0.0
304,0.0,0.0,0.0,0.0,0.0,0.0,0.0
305,0.0,0.0,0.0,0.0,0.0,0.0,0.0
306,0.0,0.0,0.0,0.0,0.0,0.0,0.0
307,0.0,0.0,0.0,0.0,0.0,0.0,0.0
308,0.0,0.0,0.0,0.0,0.0,0.0,0.0
309,0.0,0.0,0.0,0.0,0.0,0.0,0.0
310,0.0,0.0,0.0,0.0,0.0,0.0,0.0
311,0.0,0.0,0.0,0.0,0.0,0.0,0.0
312,0.0,0.0,0.0,0.0,0.0,0.0,0.0
313,0.0,0.0,0.0,0.0,0.0,0.0,0.0
314,0.0,0.0,0.0,0.0,0.0,0.0,0.0
315,0.0,0.0,0.0,0.0,0.0,0.0,0.0
316,0.0,0.0,0.0,0.0,0.0,0.0,0.0
317,0.0,0.0,0.0,0.0,0.0,0.0,0.0
318,0.0,0.0,0.0,0.0,0.0,0.0,0.0
319,0.0,0.0,0.0,0.0,0.0,0.0,0.0
320,0.0,0.0,0.0,0.0,0.0,0.0,0.0
321,0.0,0.0,0.0,0.0,0.0,0.0,0.0
322,0.0,0.0,0.0,0.0,0.0,0.0,0.0
323,0.0,0.0,0.0,0.0,0.0,0.0,0.0
324,0.0,0.0,0.0,0.0,0.0,0.0,0.0
325,0.0,0.0,0.0,0.0,0.0,0.0,0.0
326,0.0,0.0,0.0,0.0,0.0,0.0,0.0
327,0.0,0.0,0.0,0.0,0.0,0.0,0.0
328,0.0,0.0,0.0,0.0,0.0,0.0,0.0
329,0.0,0.0,0.0,0.0,0.0,0.0,0.0
330,0.0,0.0,0.0,0.0,0.0,0.0,0.0
331,0.0,0.0,0.0,0.0,0.0,0.0,0.0
332,0.0,0.0,0.0,0.0,0.0,0.0,0.0
333,0.0,0.0,0.0,0.0,0.0,0.0,0.0
334,0.0,0.0,0.0,0.0,0.0,0.0,0.0
335,0.0,0.0,0.0,0.0,0.0,0.0,0.0
336,0.0,0.0,0.0,0.0,0.0,0.0,0.0
337,0.0,0.0,0.0,0.0,0.0,0.0,0.0
338,0.0,0.0,0.0,0.0,0.0,0.0,0.0
339,0.0,0.0,0.0,0.0,0.0,0.0,0.0
340,0.0,0.0,0.0,0.0,0.0,0.0,0.0
341,0.0,0.0,0.0,0.0,0.0,0.0,0.0
342,0.0,0.0,0.0,0.0,0.0,0.0,0.0
343,0.0,0.0,0.0,0.0,0.0,0.0,0.0
344,0.0,0.0,0.0,0.0,0.0,0.0,0.0
345,0.0,0.0,0.0,0.0,0.0,0.0,0.0
346,0.0,0.0,0.0,0.0,0.0,0.0,0.0
347,0.0,0.0,0.0,0.0,0.0,0.0,0.0
348,0.0,0.0,0.0,0.0,0.0,0.0,0.0
349,0.0,0.0,0.0,0.0,0.0,0.0,0.0
350,0.0,0.0,0.0,0.0,0.0,0.0,0.0
351,0.0,0.0,0.0,0.0,0.0,0.0,0.0
352,0.0,0.0,0.0,0.0,0.0,0.0,0.0
353,0.0,0.0,0.0,0.0,0.0,0.0,0.0
354,0.0,0.0,0.0,0.0,0.0,0.0,0.0
355,0.0,0.0,0.0,0.0,0.0,0.0,0.0
356,0.0,0.0,0.0,0.0,0.0,0.0,0.0
357,0.0,0.0,0.0,0.0,0.0,0.0,0.0
358,0.0,0.0,0.0,0.0,0.0,0.0,0.0
359,0.0,0.0,0.0,0.0,0.0,0.0,0.0
360,0.0,0.0,0.0,0.0,0.0,0.0,0.0
361,0.0,0.0,0.0,0.0,0.0,0.0,0.0
362,0.0,0.0,0.0,0.0,0.0,0.0,0.0
363,0.0,0.0,0.0,0.0,0.0,0.0,0.0
364,0.0,0.0,0.0,0.0,0.0,0.0,0.0
365,0.0,0.0,0.0,0.0,0.0,0.0,0.0
366,0.0,0.0,0.0,0.0,0.0,0.0,0.0
367,0.0,0.0,0.0,0.0,0.0,0.0,0.0
368,0.0,0.0,0.0,0.0,0.0,0.0,0.0
369,0.0,0.0,0.0,0.0,0.0,0.0,0.0
370,0.0,0.0,0.0,0.0,0.0,0.0,0.0
371,0.0,0.0,0.0,0.0,0.0,0.0,0.0
372,0.0,0.0,0.0,0.0,0.0,0.0,0.0
373,0.0,0.0,0.0,0.0,0.0,0.0,0.0
374,0.0,0.0,0.0,0.0,0.0,0.0,0.0
375,0.0,0.0,0.0,0.0,0.0,0.0,0.0
376,0.0,0.0,0.0,0.0,0.0,0.0,0.0
377,0.0,0.0,0.0,0.0,0.0,0.0,0.0
378,0.0,0.0,0.0,0.0,0.0,0.0,0.0
379,0.0,0.0,0.0,0.0,0.0,0.0,0.0
380,0.0,0.0,0.0,0.0,0.0,0.0,0.0
381,0.0,0.0,0.0,0.0,0.0,0.0,0.0
382,0.0,0.0,0.0,0.0,0.0,0.0,0.0
383,0.0,0.0,0.0,0.0,0.0,0.0,0.0
384,0.0,0.0,0.0,0.0,0.0,0.0,0.0
385,0.0,0.0,0.0,0.0,0.0,0.0,0.0
386,0.0,0.0,0.0,0.0,0.0,0.0,0.0
387,0.0,0.0,0.0,0.0,0.0,0.0,0.0
388,0.0,0.0,0.0,0.0,0.0,0.0,0.0
389,0.0,0.0,0.0,0.0,0.0,0.0,0.0
390,0.0,0.0,0.0,0.0,0.0,0.0,0.0
391,0.0,0.0,0.0,0.0,0.0,0.0,0.0
392,0.0,0.0,0.0,0.0,0.0,0.0,0.0
393,0.0,0.0,0.0,0.0,0.0,0.0,0.0
394,0.0,0.0,0.0,0.0,0.0,0.0,0.0
395,0.0,0.0,0.0,0.0,0.0,0.0,0.0
396,0.0,0.0,0.0,0.0,0.0,0.0,0.0
397,0.0,0.0,0.0,0.0,0.0,0.0,0.0
398,0.0,0.0,0.0,0.0,0.0,0.0,0.0
399,0.0,0.0,0.0,0.0,0.0,0.0,0.0
