StartConsensus, 1533838892043640317
StartConsensus, 1533838899304480990
StartConsensus, 1533838903930180665
StartConsensus, 1533838908991899907
StartConsensus, 1533838913879614348
StartConsensus, 1533838918490323992
StartConsensus, 1533838923305062011
StartConsensus, 1533838928881186458
StartConsensus, 1533838933772966379
StartConsensus, 1533838938617412291
StartConsensus, 1533838943452599562
StartConsensus, 1533838948439892909
StartConsensus, 1533838953357645009
StartConsensus, 1533838958692360767
StartConsensus, 1533838963053102089
StartConsensus, 1533838968623371436
StartConsensus, 1533838971616751336
StartConsensus, 1533838979090095355
StartConsensus, 1533838984147281578
StartConsensus, 1533838990244030536
StartConsensus, 1533838995139180663
StartConsensus, 1533839000136426453
StartConsensus, 1533839005335415135
StartConsensus, 1533839010313104554
StartConsensus, 1533839015245455462
StartConsensus, 1533839020733825365
StartConsensus, 1533839025710718041
StartConsensus, 1533839030675588355
StartConsensus, 1533839035405847449
StartConsensus, 1533839040694030653
StartConsensus, 1533839045327767279
StartConsensus, 1533839050728194634
StartConsensus, 1533839054715848261
StartConsensus, 1533839059564903772
StartConsensus, 1533839066266484180
StartConsensus, 1533839070893040487
StartConsensus, 1533839075835096517
StartConsensus, 1533839081064906024
StartConsensus, 1533839086351544712
StartConsensus, 1533839091630151975
StartConsensus, 1533839096520461586
StartConsensus, 1533839101615114251
StartConsensus, 1533839106433091953
StartConsensus, 1533839111611323644
StartConsensus, 1533839116699657932
StartConsensus, 1533839122132998575
StartConsensus, 1533839127147470716
StartConsensus, 1533839132106142131
StartConsensus, 1533839135897455326
StartConsensus, 1533839142307057736
StartConsensus, 1533839149236689445
StartConsensus, 1533839154709971965
StartConsensus, 1533839159600274128
StartConsensus, 1533839164539615722
StartConsensus, 1533839170064392359
StartConsensus, 1533839175176215868
StartConsensus, 1533839179765146365
StartConsensus, 1533839185402656836
StartConsensus, 1533839190337558690
