StartConsensus, 1531375935624391572
StartConsensus, 1531375936800592786
StartConsensus, 1531375941149959679
StartConsensus, 1531375945401618953
StartConsensus, 1531375949297793948
StartConsensus, 1531375954128279896
StartConsensus, 1531375954990413920
StartConsensus, 1531375959640912219
StartConsensus, 1531375963203789581
StartConsensus, 1531375967966461907
StartConsensus, 1531375977017507197
StartConsensus, 1531375977466114917
StartConsensus, 1531375977932572594
StartConsensus, 1531375982828462034
StartConsensus, 1531375984412557387
StartConsensus, 1531375985652112302
StartConsensus, 1531375989593561481
