StartConsensus, 1531466707871458420
StartConsensus, 1531466768109981836
StartConsensus, 1531466779127938926
StartConsensus, 1531466832325355371
StartConsensus, 1531466833785801288
StartConsensus, 1531466835508646373
StartConsensus, 1531466836641676149
StartConsensus, 1531466888212598448
StartConsensus, 1531466889933788578
StartConsensus, 1531466891334034052
StartConsensus, 1531466892728764061
StartConsensus, 1531466944414712915
StartConsensus, 1531466945737751213
StartConsensus, 1531466947292229627
StartConsensus, 1531466948786917020
StartConsensus, 1531467001648159710
